{
  "mean": [
    25.083160400390625,
    25.083202362060547,
    25.083126068115234,
    25.083131790161133,
    25.083208084106445,
    25.08309555053711,
    25.083181381225586,
    25.08313751220703,
    25.08312225341797,
    25.083389282226562,
    25.083309173583984
  ],
  "std": [
    14.229893684387207,
    14.229902267456055,
    14.22990608215332,
    14.229950904846191,
    14.229900360107422,
    14.229880332946777,
    14.229900360107422,
    14.229886054992676,
    14.229935646057129,
    14.229665756225586,
    14.229864120483398
  ]
}